;1;"Детотрюн";1;"horizon1";"Матовая пленка";;;;;;;"Sat Dec 11 2021"
;2;"Детотрюн";2;"horizon1";"Матовая пленка";;;;;;;"Tue Dec 07 2021"
;3;"Детотрюн";3;"horizon1";"Матовая пленка";;;;;;;"Wed Dec 08 2021"
;4;"Детотрюн";6;"horizon1";"Матовая пленка";;;;;;;"Mon Dec 06 2021"
;5;"Детотрюн";1;"horizon1";"Матовая пленка";;;;;;;"Mon Dec 06 2021"
;6;"Детотрюн";4;"horizon1";"Матовая пленка";;;;;;;"Mon Dec 06 2021"
;7;"Детотрюн";7;"horizon1";"Матовая пленка";;;;;;;"Mon Dec 06 2021"
;8;"Детотрюн";2;"horizon1";"Матовая пленка";;;;;;;"Mon Dec 06 2021"
;9;"Детотрюн";1;"horizon2";"Матовая пленка";;;;;;;"Fri Dec 10 2021"
;10;"Детотрюн";4;"horizon2";"Матовая пленка";;;;;;;"Fri Dec 10 2021"
;11;"Детотрюн";3;"horizon2";"Матовая пленка";;;;;;;"Fri Dec 10 2021"
;12;"Детотрюн";2;"horizon2";"Матовая пленка";;;;;;;"Wed Dec 08 2021"
;13;"Детотрюн";1;"horizon2";"Матовая пленка";;;;;;;"Tue Dec 07 2021"
;14;"Детотрюн";2;"binder";"Матовая пленка";;;;;;;"Tue Dec 07 2021"
;15;"Детотрюн";3;"binder";"Матовая пленка";;;;;;;"Wed Dec 08 2021"
;16;"Детотрюн";6;"binder";"Матовая пленка";;;;;;;"Wed Dec 08 2021"
;17;"Детотрюн";1;"binder";"Матовая пленка";;;;;;;"Sat Dec 11 2021"
;18;"Детотрюн";4;"binder";"Матовая пленка";;;;;;;"Sun Dec 12 2021"
;19;"Детотрюн";7;"binder";"Матовая пленка";;;;;;;"Sun Dec 12 2021"
;20;"Детотрюн";2;"assembling";"Матовая пленка";;;;;;;"Sun Dec 12 2021"
;21;"Детотрюн";1;"assembling";"Матовая пленка";;;;;;;"Thu Dec 09 2021"
;22;"Детотрюн";4;"assembling";"Матовая пленка";;;;;;;"Thu Dec 09 2021"
;23;"Детотрюн";3;"assembling";"Матовая пленка";;;;;;;"Thu Dec 09 2021"
;24;"Детотрюн";2;"assembling";"Матовая пленка";;;;;;;"Thu Dec 09 2021"
;101;"Детотрюн";1;"horizon1";"Матовая пленка";;;;;;;
;102;"Детотрюн";2;"horizon1";"Матовая пленка";;;;;;;
;103;"Детотрюн";3;"horizon1";"Матовая пленка";;;;;;;
;104;"Детотрюн";6;"horizon1";"Матовая пленка";;;;;;;
;105;"Детотрюн";1;"horizon1";"Матовая пленка";;;;;;;
;106;"Детотрюн";4;"horizon1";"Матовая пленка";;;;;;;
;107;"Детотрюн";7;"horizon1";"Матовая пленка";;;;;;;
;108;"Детотрюн";2;"horizon1";"Матовая пленка";;;;;;;
;109;"Детотрюн";1;"horizon2";"Матовая пленка";;;;;;;
;110;"Детотрюн";4;"horizon2";"Матовая пленка";;;;;;;
;111;"Детотрюн";3;"horizon2";"Матовая пленка";;;;;;;
;112;"Детотрюн";2;"horizon2";"Матовая пленка";;;;;;;
;113;"Детотрюн";1;"horizon2";"Матовая пленка";;;;;;;
;114;"Детотрюн";2;"binder";"Матовая пленка";;;;;;;
;115;"Детотрюн";3;"binder";"Матовая пленка";;;;;;;
;116;"Детотрюн";6;"binder";"Матовая пленка";;;;;;;
;117;"Детотрюн";1;"binder";"Матовая пленка";;;;;;;
;118;"Детотрюн";4;"binder";"Матовая пленка";;;;;;;
;119;"Детотрюн";7;"binder";"Матовая пленка";;;;;;;
;120;"Детотрюн";2;"assembling";"Матовая пленка";;;;;;;
;121;"Детотрюн";1;"assembling";"Матовая пленка";;;;;;;
;122;"Детотрюн";4;"assembling";"Матовая пленка";;;;;;;
;123;"Детотрюн";3;"assembling";"Матовая пленка";;;;;;;
;124;"Детотрюн";2;"assembling";"Матовая пленка";;;;;;;
